{
    "mse": 0.12553146715369848,
    "r2": 0.21542833028938457,
    "timestamp": "2025-05-02T05:44:15.685730"
}