{
    "mse": 0.1547602767773266,
    "r2": 0.03274827014170878,
    "timestamp": "2025-05-02T05:15:35.123111"
}